,Nivel,Masculino,Feminino
0,Júnior,3903.5087719298244,4239.285714285715
1,Pleno,7618.546845124283,7500.0
2,Sênior,12769.628099173553,10611.702127659575
