,Nivel,Masculino,Feminino
0,Júnior,22.108208955223883,29.20892494929006
1,Pleno,24.486940298507463,26.57200811359026
2,Sênior,22.574626865671643,19.066937119675455
